url_path,views_total,views_unique
/marcin-l/PegaDevTools,39,33
/marcin-l/PegaDevTools/wiki,6,6
/marcin-l/PegaDevTools/wiki/Developer-Studio,5,4
/marcin-l/PegaDevTools/wiki/Tracer,4,4
/marcin-l/PegaDevTools/wiki/Clipboard,2,2
/marcin-l/PegaDevTools/blob/master/devstudio/datapage.js,1,1
/marcin-l/PegaDevTools/blob/master/devstudio/devstudio_activity.js,1,1
/marcin-l/PegaDevTools/blob/master/js/copyDataTransform.js,1,1
/marcin-l/PegaDevTools/blob/master/PegaDevTools.code-workspace,1,1
/marcin-l/PegaDevTools/blob/master/README.md,1,1
